{"func_":"calcCoverage","coverage_rectangle_":{"start_coord_":{"latitude_":56.17709444447262,"longitude_":10.177820473909378},"end_coord_":{"latitude_":56.17155205794858,"longitude_":10.187845230102539}}}
